file_path,label
./keyboardfinal/train1/a10.wav,2
./keyboardfinal/train1/a29.wav,2
./keyboardfinal/train1/a40.wav,2
./keyboardfinal/train1/a48.wav,2
./keyboardfinal/train1/a94.wav,2
./keyboardfinal/train1/a141.wav,2
./keyboardfinal/train1/a151.wav,2
./keyboardfinal/train1/a158.wav,2
./keyboardfinal/train1/a165.wav,2
./keyboardfinal/train1/a170.wav,2
./keyboardfinal/train1/a175.wav,2
./keyboardfinal/train1/a183.wav,2
./keyboardfinal/train1/b23.wav,3
./keyboardfinal/train1/b46.wav,3
./keyboardfinal/train1/b75.wav,3
./keyboardfinal/train1/b102.wav,3
./keyboardfinal/train1/backspace32.wav,0
./keyboardfinal/train1/backspace79.wav,0
./keyboardfinal/train1/c21.wav,4
./keyboardfinal/train1/c28.wav,4
./keyboardfinal/train1/c50.wav,4
./keyboardfinal/train1/c60.wav,4
./keyboardfinal/train1/c78.wav,4
./keyboardfinal/train1/c93.wav,4
./keyboardfinal/train1/c120.wav,4
./keyboardfinal/train1/c140.wav,4
./keyboardfinal/train1/c144.wav,4
./keyboardfinal/train1/c149.wav,4
./keyboardfinal/train1/c159.wav,4
./keyboardfinal/train1/c168.wav,4
./keyboardfinal/train1/d12.wav,5
./keyboardfinal/train1/d58.wav,5
./keyboardfinal/train1/d89.wav,5
./keyboardfinal/train1/d107.wav,5
./keyboardfinal/train1/e2.wav,6
./keyboardfinal/train1/e31.wav,6
./keyboardfinal/train1/e34.wav,6
./keyboardfinal/train1/e36.wav,6
./keyboardfinal/train1/e70.wav,6
./keyboardfinal/train1/e90.wav,6
./keyboardfinal/train1/e99.wav,6
./keyboardfinal/train1/e103.wav,6
./keyboardfinal/train1/e109.wav,6
./keyboardfinal/train1/e122.wav,6
./keyboardfinal/train1/e127.wav,6
./keyboardfinal/train1/e137.wav,6
./keyboardfinal/train1/e174.wav,6
./keyboardfinal/train1/e180.wav,6
./keyboardfinal/train1/f13.wav,7
./keyboardfinal/train1/f62.wav,7
./keyboardfinal/train1/f69.wav,7
./keyboardfinal/train1/f123.wav,7
./keyboardfinal/train1/f124.wav,7
./keyboardfinal/train1/g14.wav,8
./keyboardfinal/train1/g104.wav,8
./keyboardfinal/train1/g108.wav,8
./keyboardfinal/train1/g118.wav,8
./keyboardfinal/train1/h15.wav,9
./keyboardfinal/train1/h51.wav,9
./keyboardfinal/train1/h112.wav,9
./keyboardfinal/train1/h131.wav,9
./keyboardfinal/train1/h136.wav,9
./keyboardfinal/train1/h155.wav,9
./keyboardfinal/train1/h169.wav,9
./keyboardfinal/train1/i7.wav,10
./keyboardfinal/train1/i42.wav,10
./keyboardfinal/train1/i44.wav,10
./keyboardfinal/train1/i52.wav,10
./keyboardfinal/train1/i76.wav,10
./keyboardfinal/train1/i85.wav,10
./keyboardfinal/train1/i92.wav,10
./keyboardfinal/train1/i98.wav,10
./keyboardfinal/train1/i116.wav,10
./keyboardfinal/train1/i139.wav,10
./keyboardfinal/train1/i160.wav,10
./keyboardfinal/train1/i163.wav,10
./keyboardfinal/train1/j16.wav,11
./keyboardfinal/train1/j41.wav,11
./keyboardfinal/train1/k17.wav,12
./keyboardfinal/train1/k43.wav,12
./keyboardfinal/train1/k61.wav,12
./keyboardfinal/train1/l18.wav,13
./keyboardfinal/train1/l82.wav,13
./keyboardfinal/train1/l114.wav,13
./keyboardfinal/train1/l115.wav,13
./keyboardfinal/train1/l125.wav,13
./keyboardfinal/train1/l142.wav,13
./keyboardfinal/train1/l152.wav,13
./keyboardfinal/train1/l166.wav,13
./keyboardfinal/train1/l171.wav,13
./keyboardfinal/train1/m25.wav,14
./keyboardfinal/train1/m30.wav,14
./keyboardfinal/train1/m91.wav,14
./keyboardfinal/train1/m173.wav,14
./keyboardfinal/train1/n24.wav,15
./keyboardfinal/train1/n49.wav,15
./keyboardfinal/train1/n68.wav,15
./keyboardfinal/train1/n77.wav,15
./keyboardfinal/train1/n87.wav,15
./keyboardfinal/train1/n97.wav,15
./keyboardfinal/train1/n117.wav,15
./keyboardfinal/train1/n128.wav,15
./keyboardfinal/train1/n148.wav,15
./keyboardfinal/train1/n164.wav,15
./keyboardfinal/train1/o8.wav,16
./keyboardfinal/train1/o53.wav,16
./keyboardfinal/train1/o55.wav,16
./keyboardfinal/train1/o56.wav,16
./keyboardfinal/train1/o63.wav,16
./keyboardfinal/train1/o64.wav,16
./keyboardfinal/train1/o81.wav,16
./keyboardfinal/train1/o86.wav,16
./keyboardfinal/train1/o96.wav,16
./keyboardfinal/train1/o121.wav,16
./keyboardfinal/train1/o134.wav,16
./keyboardfinal/train1/o145.wav,16
./keyboardfinal/train1/o156.wav,16
./keyboardfinal/train1/o178.wav,16
./keyboardfinal/train1/p9.wav,17
./keyboardfinal/train1/p33.wav,17
./keyboardfinal/train1/p54.wav,17
./keyboardfinal/train1/p95.wav,17
./keyboardfinal/train1/p133.wav,17
./keyboardfinal/train1/p146.wav,17
./keyboardfinal/train1/p162.wav,17
./keyboardfinal/train1/p182.wav,17
./keyboardfinal/train1/q0.wav,18
./keyboardfinal/train1/r3.wav,19
./keyboardfinal/train1/r35.wav,19
./keyboardfinal/train1/r37.wav,19
./keyboardfinal/train1/r47.wav,19
./keyboardfinal/train1/r100.wav,19
./keyboardfinal/train1/r105.wav,19
./keyboardfinal/train1/r110.wav,19
./keyboardfinal/train1/r157.wav,19
./keyboardfinal/train1/r181.wav,19
./keyboardfinal/train1/r184.wav,19
./keyboardfinal/train1/s11.wav,20
./keyboardfinal/train1/s27.wav,20
./keyboardfinal/train1/s73.wav,20
./keyboardfinal/train1/s161.wav,20
./keyboardfinal/train1/space26.wav,1
./keyboardfinal/train1/space38.wav,1
./keyboardfinal/train1/space45.wav,1
./keyboardfinal/train1/space57.wav,1
./keyboardfinal/train1/space66.wav,1
./keyboardfinal/train1/space72.wav,1
./keyboardfinal/train1/space88.wav,1
./keyboardfinal/train1/space101.wav,1
./keyboardfinal/train1/space111.wav,1
./keyboardfinal/train1/space119.wav,1
./keyboardfinal/train1/space130.wav,1
./keyboardfinal/train1/space143.wav,1
./keyboardfinal/train1/space153.wav,1
./keyboardfinal/train1/space167.wav,1
./keyboardfinal/train1/space177.wav,1
./keyboardfinal/train1/t4.wav,21
./keyboardfinal/train1/t39.wav,21
./keyboardfinal/train1/t65.wav,21
./keyboardfinal/train1/t84.wav,21
./keyboardfinal/train1/t129.wav,21
./keyboardfinal/train1/t135.wav,21
./keyboardfinal/train1/t138.wav,21
./keyboardfinal/train1/t150.wav,21
./keyboardfinal/train1/t154.wav,21
./keyboardfinal/train1/u6.wav,22
./keyboardfinal/train1/u59.wav,22
./keyboardfinal/train1/u67.wav,22
./keyboardfinal/train1/u74.wav,22
./keyboardfinal/train1/u83.wav,22
./keyboardfinal/train1/u106.wav,22
./keyboardfinal/train1/u113.wav,22
./keyboardfinal/train1/u126.wav,22
./keyboardfinal/train1/u147.wav,22
./keyboardfinal/train1/u172.wav,22
./keyboardfinal/train1/u176.wav,22
./keyboardfinal/train1/v22.wav,23
./keyboardfinal/train1/v80.wav,23
./keyboardfinal/train1/v179.wav,23
./keyboardfinal/train1/w1.wav,24
./keyboardfinal/train1/w71.wav,24
./keyboardfinal/train1/x20.wav,25
./keyboardfinal/train1/y5.wav,26
./keyboardfinal/train1/y132.wav,26
./keyboardfinal/train1/z19.wav,27
./keyboardfinal/train2/a10.wav,2
./keyboardfinal/train2/a53.wav,2
./keyboardfinal/train2/a59.wav,2
./keyboardfinal/train2/a63.wav,2
./keyboardfinal/train2/a65.wav,2
./keyboardfinal/train2/a94.wav,2
./keyboardfinal/train2/a118.wav,2
./keyboardfinal/train2/a124.wav,2
./keyboardfinal/train2/a166.wav,2
./keyboardfinal/train2/a169.wav,2
./keyboardfinal/train2/b23.wav,3
./keyboardfinal/train2/b40.wav,3
./keyboardfinal/train2/b66.wav,3
./keyboardfinal/train2/b170.wav,3
./keyboardfinal/train2/backspace67.wav,0
./keyboardfinal/train2/c21.wav,4
./keyboardfinal/train2/c73.wav,4
./keyboardfinal/train2/c75.wav,4
./keyboardfinal/train2/c116.wav,4
./keyboardfinal/train2/c129.wav,4
./keyboardfinal/train2/c155.wav,4
./keyboardfinal/train2/c165.wav,4
./keyboardfinal/train2/d12.wav,5
./keyboardfinal/train2/d30.wav,5
./keyboardfinal/train2/d86.wav,5
./keyboardfinal/train2/d87.wav,5
./keyboardfinal/train2/d102.wav,5
./keyboardfinal/train2/d111.wav,5
./keyboardfinal/train2/d121.wav,5
./keyboardfinal/train2/d125.wav,5
./keyboardfinal/train2/e2.wav,6
./keyboardfinal/train2/e31.wav,6
./keyboardfinal/train2/e55.wav,6
./keyboardfinal/train2/e61.wav,6
./keyboardfinal/train2/e89.wav,6
./keyboardfinal/train2/e101.wav,6
./keyboardfinal/train2/e105.wav,6
./keyboardfinal/train2/e110.wav,6
./keyboardfinal/train2/e112.wav,6
./keyboardfinal/train2/e115.wav,6
./keyboardfinal/train2/e120.wav,6
./keyboardfinal/train2/e128.wav,6
./keyboardfinal/train2/e141.wav,6
./keyboardfinal/train2/e145.wav,6
./keyboardfinal/train2/e152.wav,6
./keyboardfinal/train2/f13.wav,7
./keyboardfinal/train2/f38.wav,7
./keyboardfinal/train2/f48.wav,7
./keyboardfinal/train2/f147.wav,7
./keyboardfinal/train2/f149.wav,7
./keyboardfinal/train2/f150.wav,7
./keyboardfinal/train2/g14.wav,8
./keyboardfinal/train2/g83.wav,8
./keyboardfinal/train2/g103.wav,8
./keyboardfinal/train2/g133.wav,8
./keyboardfinal/train2/g139.wav,8
./keyboardfinal/train2/h15.wav,9
./keyboardfinal/train2/h45.wav,9
./keyboardfinal/train2/h50.wav,9
./keyboardfinal/train2/h100.wav,9
./keyboardfinal/train2/i7.wav,10
./keyboardfinal/train2/i28.wav,10
./keyboardfinal/train2/i39.wav,10
./keyboardfinal/train2/i42.wav,10
./keyboardfinal/train2/i69.wav,10
./keyboardfinal/train2/i72.wav,10
./keyboardfinal/train2/i81.wav,10
./keyboardfinal/train2/i104.wav,10
./keyboardfinal/train2/i117.wav,10
./keyboardfinal/train2/i126.wav,10
./keyboardfinal/train2/i137.wav,10
./keyboardfinal/train2/j16.wav,11
./keyboardfinal/train2/k17.wav,12
./keyboardfinal/train2/k144.wav,12
./keyboardfinal/train2/l18.wav,13
./keyboardfinal/train2/l43.wav,13
./keyboardfinal/train2/l60.wav,13
./keyboardfinal/train2/l77.wav,13
./keyboardfinal/train2/l131.wav,13
./keyboardfinal/train2/l140.wav,13
./keyboardfinal/train2/l151.wav,13
./keyboardfinal/train2/l157.wav,13
./keyboardfinal/train2/l171.wav,13
./keyboardfinal/train2/m25.wav,14
./keyboardfinal/train2/m35.wav,14
./keyboardfinal/train2/m95.wav,14
./keyboardfinal/train2/m159.wav,14
./keyboardfinal/train2/n24.wav,15
./keyboardfinal/train2/n29.wav,15
./keyboardfinal/train2/n82.wav,15
./keyboardfinal/train2/n88.wav,15
./keyboardfinal/train2/n138.wav,15
./keyboardfinal/train2/n164.wav,15
./keyboardfinal/train2/o8.wav,16
./keyboardfinal/train2/o37.wav,16
./keyboardfinal/train2/o46.wav,16
./keyboardfinal/train2/o47.wav,16
./keyboardfinal/train2/o62.wav,16
./keyboardfinal/train2/o85.wav,16
./keyboardfinal/train2/o97.wav,16
./keyboardfinal/train2/o127.wav,16
./keyboardfinal/train2/o130.wav,16
./keyboardfinal/train2/o132.wav,16
./keyboardfinal/train2/o156.wav,16
./keyboardfinal/train2/p9.wav,17
./keyboardfinal/train2/p27.wav,17
./keyboardfinal/train2/p58.wav,17
./keyboardfinal/train2/p96.wav,17
./keyboardfinal/train2/p113.wav,17
./keyboardfinal/train2/q0.wav,18
./keyboardfinal/train2/r3.wav,19
./keyboardfinal/train2/r32.wav,19
./keyboardfinal/train2/r41.wav,19
./keyboardfinal/train2/r52.wav,19
./keyboardfinal/train2/r80.wav,19
./keyboardfinal/train2/r109.wav,19
./keyboardfinal/train2/r114.wav,19
./keyboardfinal/train2/r123.wav,19
./keyboardfinal/train2/r142.wav,19
./keyboardfinal/train2/r146.wav,19
./keyboardfinal/train2/s11.wav,20
./keyboardfinal/train2/s33.wav,20
./keyboardfinal/train2/s56.wav,20
./keyboardfinal/train2/s70.wav,20
./keyboardfinal/train2/s90.wav,20
./keyboardfinal/train2/s91.wav,20
./keyboardfinal/train2/s106.wav,20
./keyboardfinal/train2/s136.wav,20
./keyboardfinal/train2/s154.wav,20
./keyboardfinal/train2/s161.wav,20
./keyboardfinal/train2/s168.wav,20
./keyboardfinal/train2/space26.wav,1
./keyboardfinal/train2/space34.wav,1
./keyboardfinal/train2/space44.wav,1
./keyboardfinal/train2/space49.wav,1
./keyboardfinal/train2/space57.wav,1
./keyboardfinal/train2/space74.wav,1
./keyboardfinal/train2/space84.wav,1
./keyboardfinal/train2/space92.wav,1
./keyboardfinal/train2/space99.wav,1
./keyboardfinal/train2/space108.wav,1
./keyboardfinal/train2/space122.wav,1
./keyboardfinal/train2/space135.wav,1
./keyboardfinal/train2/space143.wav,1
./keyboardfinal/train2/space153.wav,1
./keyboardfinal/train2/space162.wav,1
./keyboardfinal/train2/t4.wav,21
./keyboardfinal/train2/t64.wav,21
./keyboardfinal/train2/t71.wav,21
./keyboardfinal/train2/t78.wav,21
./keyboardfinal/train2/t93.wav,21
./keyboardfinal/train2/t107.wav,21
./keyboardfinal/train2/t119.wav,21
./keyboardfinal/train2/u6.wav,22
./keyboardfinal/train2/u76.wav,22
./keyboardfinal/train2/u79.wav,22
./keyboardfinal/train2/u148.wav,22
./keyboardfinal/train2/u160.wav,22
./keyboardfinal/train2/u163.wav,22
./keyboardfinal/train2/u167.wav,22
./keyboardfinal/train2/v22.wav,23
./keyboardfinal/train2/v68.wav,23
./keyboardfinal/train2/w1.wav,24
./keyboardfinal/train2/x20.wav,25
./keyboardfinal/train2/x54.wav,25
./keyboardfinal/train2/y5.wav,26
./keyboardfinal/train2/y36.wav,26
./keyboardfinal/train2/y51.wav,26
./keyboardfinal/train2/y98.wav,26
./keyboardfinal/train2/y134.wav,26
./keyboardfinal/train2/y158.wav,26
./keyboardfinal/train2/z19.wav,27
./keyboardfinal/train3/a10.wav,2
./keyboardfinal/train3/a76.wav,2
./keyboardfinal/train3/a85.wav,2
./keyboardfinal/train3/a96.wav,2
./keyboardfinal/train3/a121.wav,2
./keyboardfinal/train3/a149.wav,2
./keyboardfinal/train3/a157.wav,2
./keyboardfinal/train3/a169.wav,2
./keyboardfinal/train3/b23.wav,3
./keyboardfinal/train3/b75.wav,3
./keyboardfinal/train3/b100.wav,3
./keyboardfinal/train3/c21.wav,4
./keyboardfinal/train3/c49.wav,4
./keyboardfinal/train3/c50.wav,4
./keyboardfinal/train3/c58.wav,4
./keyboardfinal/train3/c88.wav,4
./keyboardfinal/train3/c120.wav,4
./keyboardfinal/train3/c141.wav,4
./keyboardfinal/train3/c147.wav,4
./keyboardfinal/train3/c150.wav,4
./keyboardfinal/train3/c165.wav,4
./keyboardfinal/train3/d12.wav,5
./keyboardfinal/train3/d98.wav,5
./keyboardfinal/train3/d115.wav,5
./keyboardfinal/train3/e2.wav,6
./keyboardfinal/train3/e43.wav,6
./keyboardfinal/train3/e45.wav,6
./keyboardfinal/train3/e60.wav,6
./keyboardfinal/train3/e62.wav,6
./keyboardfinal/train3/e65.wav,6
./keyboardfinal/train3/e72.wav,6
./keyboardfinal/train3/e79.wav,6
./keyboardfinal/train3/e84.wav,6
./keyboardfinal/train3/e99.wav,6
./keyboardfinal/train3/e105.wav,6
./keyboardfinal/train3/e110.wav,6
./keyboardfinal/train3/e161.wav,6
./keyboardfinal/train3/e164.wav,6
./keyboardfinal/train3/f13.wav,7
./keyboardfinal/train3/g14.wav,8
./keyboardfinal/train3/g33.wav,8
./keyboardfinal/train3/g40.wav,8
./keyboardfinal/train3/g71.wav,8
./keyboardfinal/train3/g78.wav,8
./keyboardfinal/train3/g95.wav,8
./keyboardfinal/train3/h15.wav,9
./keyboardfinal/train3/h53.wav,9
./keyboardfinal/train3/h59.wav,9
./keyboardfinal/train3/h137.wav,9
./keyboardfinal/train3/h153.wav,9
./keyboardfinal/train3/h158.wav,9
./keyboardfinal/train3/i7.wav,10
./keyboardfinal/train3/i31.wav,10
./keyboardfinal/train3/i56.wav,10
./keyboardfinal/train3/i68.wav,10
./keyboardfinal/train3/i82.wav,10
./keyboardfinal/train3/i91.wav,10
./keyboardfinal/train3/i107.wav,10
./keyboardfinal/train3/i118.wav,10
./keyboardfinal/train3/i126.wav,10
./keyboardfinal/train3/i140.wav,10
./keyboardfinal/train3/j16.wav,11
./keyboardfinal/train3/k17.wav,12
./keyboardfinal/train3/k37.wav,12
./keyboardfinal/train3/k55.wav,12
./keyboardfinal/train3/k89.wav,12
./keyboardfinal/train3/k93.wav,12
./keyboardfinal/train3/l18.wav,13
./keyboardfinal/train3/l34.wav,13
./keyboardfinal/train3/l42.wav,13
./keyboardfinal/train3/l80.wav,13
./keyboardfinal/train3/l81.wav,13
./keyboardfinal/train3/l132.wav,13
./keyboardfinal/train3/l135.wav,13
./keyboardfinal/train3/l145.wav,13
./keyboardfinal/train3/m25.wav,14
./keyboardfinal/train3/m97.wav,14
./keyboardfinal/train3/m117.wav,14
./keyboardfinal/train3/n24.wav,15
./keyboardfinal/train3/n32.wav,15
./keyboardfinal/train3/n39.wav,15
./keyboardfinal/train3/n61.wav,15
./keyboardfinal/train3/n73.wav,15
./keyboardfinal/train3/n125.wav,15
./keyboardfinal/train3/n170.wav,15
./keyboardfinal/train3/o8.wav,16
./keyboardfinal/train3/o29.wav,16
./keyboardfinal/train3/o38.wav,16
./keyboardfinal/train3/o41.wav,16
./keyboardfinal/train3/o51.wav,16
./keyboardfinal/train3/o70.wav,16
./keyboardfinal/train3/o87.wav,16
./keyboardfinal/train3/o101.wav,16
./keyboardfinal/train3/o102.wav,16
./keyboardfinal/train3/o112.wav,16
./keyboardfinal/train3/o114.wav,16
./keyboardfinal/train3/o129.wav,16
./keyboardfinal/train3/o144.wav,16
./keyboardfinal/train3/o167.wav,16
./keyboardfinal/train3/p9.wav,17
./keyboardfinal/train3/p27.wav,17
./keyboardfinal/train3/p104.wav,17
./keyboardfinal/train3/p113.wav,17
./keyboardfinal/train3/p136.wav,17
./keyboardfinal/train3/p143.wav,17
./keyboardfinal/train3/p163.wav,17
./keyboardfinal/train3/q0.wav,18
./keyboardfinal/train3/r3.wav,19
./keyboardfinal/train3/r28.wav,19
./keyboardfinal/train3/r77.wav,19
./keyboardfinal/train3/r86.wav,19
./keyboardfinal/train3/r92.wav,19
./keyboardfinal/train3/r106.wav,19
./keyboardfinal/train3/r111.wav,19
./keyboardfinal/train3/r128.wav,19
./keyboardfinal/train3/r139.wav,19
./keyboardfinal/train3/r148.wav,19
./keyboardfinal/train3/r155.wav,19
./keyboardfinal/train3/r156.wav,19
./keyboardfinal/train3/r168.wav,19
./keyboardfinal/train3/s11.wav,20
./keyboardfinal/train3/s30.wav,20
./keyboardfinal/train3/s44.wav,20
./keyboardfinal/train3/s47.wav,20
./keyboardfinal/train3/s66.wav,20
./keyboardfinal/train3/s69.wav,20
./keyboardfinal/train3/s108.wav,20
./keyboardfinal/train3/s119.wav,20
./keyboardfinal/train3/s122.wav,20
./keyboardfinal/train3/s130.wav,20
./keyboardfinal/train3/s133.wav,20
./keyboardfinal/train3/s159.wav,20
./keyboardfinal/train3/space26.wav,1
./keyboardfinal/train3/space36.wav,1
./keyboardfinal/train3/space46.wav,1
./keyboardfinal/train3/space54.wav,1
./keyboardfinal/train3/space67.wav,1
./keyboardfinal/train3/space74.wav,1
./keyboardfinal/train3/space83.wav,1
./keyboardfinal/train3/space90.wav,1
./keyboardfinal/train3/space94.wav,1
./keyboardfinal/train3/space103.wav,1
./keyboardfinal/train3/space116.wav,1
./keyboardfinal/train3/space124.wav,1
./keyboardfinal/train3/space142.wav,1
./keyboardfinal/train3/space152.wav,1
./keyboardfinal/train3/space160.wav,1
./keyboardfinal/train3/t4.wav,21
./keyboardfinal/train3/t52.wav,21
./keyboardfinal/train3/t57.wav,21
./keyboardfinal/train3/t63.wav,21
./keyboardfinal/train3/t64.wav,21
./keyboardfinal/train3/t109.wav,21
./keyboardfinal/train3/t123.wav,21
./keyboardfinal/train3/t127.wav,21
./keyboardfinal/train3/t166.wav,21
./keyboardfinal/train3/u6.wav,22
./keyboardfinal/train3/u48.wav,22
./keyboardfinal/train3/u134.wav,22
./keyboardfinal/train3/u138.wav,22
./keyboardfinal/train3/u154.wav,22
./keyboardfinal/train3/v22.wav,23
./keyboardfinal/train3/w1.wav,24
./keyboardfinal/train3/x20.wav,25
./keyboardfinal/train3/x162.wav,25
./keyboardfinal/train3/y5.wav,26
./keyboardfinal/train3/y35.wav,26
./keyboardfinal/train3/y131.wav,26
./keyboardfinal/train3/y146.wav,26
./keyboardfinal/train3/y151.wav,26
./keyboardfinal/train3/z19.wav,27
./keyboardfinal/train4/a10.wav,2
./keyboardfinal/train4/a29.wav,2
./keyboardfinal/train4/a66.wav,2
./keyboardfinal/train4/a71.wav,2
./keyboardfinal/train4/a88.wav,2
./keyboardfinal/train4/a97.wav,2
./keyboardfinal/train4/a100.wav,2
./keyboardfinal/train4/a120.wav,2
./keyboardfinal/train4/a137.wav,2
./keyboardfinal/train4/a141.wav,2
./keyboardfinal/train4/a159.wav,2
./keyboardfinal/train4/a166.wav,2
./keyboardfinal/train4/a172.wav,2
./keyboardfinal/train4/a178.wav,2
./keyboardfinal/train4/a180.wav,2
./keyboardfinal/train4/b23.wav,3
./keyboardfinal/train4/b30.wav,3
./keyboardfinal/train4/b31.wav,3
./keyboardfinal/train4/b147.wav,3
./keyboardfinal/train4/backspace127.wav,0
./keyboardfinal/train4/c21.wav,4
./keyboardfinal/train4/c45.wav,4
./keyboardfinal/train4/c54.wav,4
./keyboardfinal/train4/c84.wav,4
./keyboardfinal/train4/c114.wav,4
./keyboardfinal/train4/c126.wav,4
./keyboardfinal/train4/c129.wav,4
./keyboardfinal/train4/c165.wav,4
./keyboardfinal/train4/d12.wav,5
./keyboardfinal/train4/d36.wav,5
./keyboardfinal/train4/d108.wav,5
./keyboardfinal/train4/d110.wav,5
./keyboardfinal/train4/e2.wav,6
./keyboardfinal/train4/e42.wav,6
./keyboardfinal/train4/e59.wav,6
./keyboardfinal/train4/e62.wav,6
./keyboardfinal/train4/e63.wav,6
./keyboardfinal/train4/e76.wav,6
./keyboardfinal/train4/e85.wav,6
./keyboardfinal/train4/e125.wav,6
./keyboardfinal/train4/e134.wav,6
./keyboardfinal/train4/e148.wav,6
./keyboardfinal/train4/e150.wav,6
./keyboardfinal/train4/e162.wav,6
./keyboardfinal/train4/e169.wav,6
./keyboardfinal/train4/f13.wav,7
./keyboardfinal/train4/f73.wav,7
./keyboardfinal/train4/g14.wav,8
./keyboardfinal/train4/g65.wav,8
./keyboardfinal/train4/g142.wav,8
./keyboardfinal/train4/g145.wav,8
./keyboardfinal/train4/g174.wav,8
./keyboardfinal/train4/g181.wav,8
./keyboardfinal/train4/h15.wav,9
./keyboardfinal/train4/h34.wav,9
./keyboardfinal/train4/h80.wav,9
./keyboardfinal/train4/h87.wav,9
./keyboardfinal/train4/i7.wav,10
./keyboardfinal/train4/i40.wav,10
./keyboardfinal/train4/i44.wav,10
./keyboardfinal/train4/i48.wav,10
./keyboardfinal/train4/i69.wav,10
./keyboardfinal/train4/i75.wav,10
./keyboardfinal/train4/i81.wav,10
./keyboardfinal/train4/i99.wav,10
./keyboardfinal/train4/i109.wav,10
./keyboardfinal/train4/i116.wav,10
./keyboardfinal/train4/i118.wav,10
./keyboardfinal/train4/i143.wav,10
./keyboardfinal/train4/i154.wav,10
./keyboardfinal/train4/i160.wav,10
./keyboardfinal/train4/j16.wav,11
./keyboardfinal/train4/k17.wav,12
./keyboardfinal/train4/k39.wav,12
./keyboardfinal/train4/l18.wav,13
./keyboardfinal/train4/l51.wav,13
./keyboardfinal/train4/l67.wav,13
./keyboardfinal/train4/l68.wav,13
./keyboardfinal/train4/l89.wav,13
./keyboardfinal/train4/l111.wav,13
./keyboardfinal/train4/l121.wav,13
./keyboardfinal/train4/l149.wav,13
./keyboardfinal/train4/l176.wav,13
./keyboardfinal/train4/m25.wav,14
./keyboardfinal/train4/m49.wav,14
./keyboardfinal/train4/m70.wav,14
./keyboardfinal/train4/m96.wav,14
./keyboardfinal/train4/m117.wav,14
./keyboardfinal/train4/n24.wav,15
./keyboardfinal/train4/n28.wav,15
./keyboardfinal/train4/n41.wav,15
./keyboardfinal/train4/n58.wav,15
./keyboardfinal/train4/n98.wav,15
./keyboardfinal/train4/n101.wav,15
./keyboardfinal/train4/n104.wav,15
./keyboardfinal/train4/n119.wav,15
./keyboardfinal/train4/n132.wav,15
./keyboardfinal/train4/n144.wav,15
./keyboardfinal/train4/o8.wav,16
./keyboardfinal/train4/o38.wav,16
./keyboardfinal/train4/o55.wav,16
./keyboardfinal/train4/o57.wav,16
./keyboardfinal/train4/o83.wav,16
./keyboardfinal/train4/o90.wav,16
./keyboardfinal/train4/o95.wav,16
./keyboardfinal/train4/o106.wav,16
./keyboardfinal/train4/o130.wav,16
./keyboardfinal/train4/p9.wav,17
./keyboardfinal/train4/p50.wav,17
./keyboardfinal/train4/p86.wav,17
./keyboardfinal/train4/p152.wav,17
./keyboardfinal/train4/p157.wav,17
./keyboardfinal/train4/q0.wav,18
./keyboardfinal/train4/r3.wav,19
./keyboardfinal/train4/r37.wav,19
./keyboardfinal/train4/r56.wav,19
./keyboardfinal/train4/r74.wav,19
./keyboardfinal/train4/r79.wav,19
./keyboardfinal/train4/r94.wav,19
./keyboardfinal/train4/r107.wav,19
./keyboardfinal/train4/r115.wav,19
./keyboardfinal/train4/r124.wav,19
./keyboardfinal/train4/r135.wav,19
./keyboardfinal/train4/r153.wav,19
./keyboardfinal/train4/r158.wav,19
./keyboardfinal/train4/r167.wav,19
./keyboardfinal/train4/r168.wav,19
./keyboardfinal/train4/r177.wav,19
./keyboardfinal/train4/s11.wav,20
./keyboardfinal/train4/s27.wav,20
./keyboardfinal/train4/s46.wav,20
./keyboardfinal/train4/s77.wav,20
./keyboardfinal/train4/s92.wav,20
./keyboardfinal/train4/s105.wav,20
./keyboardfinal/train4/s122.wav,20
./keyboardfinal/train4/s128.wav,20
./keyboardfinal/train4/s138.wav,20
./keyboardfinal/train4/s139.wav,20
./keyboardfinal/train4/s151.wav,20
./keyboardfinal/train4/s161.wav,20
./keyboardfinal/train4/s163.wav,20
./keyboardfinal/train4/space26.wav,1
./keyboardfinal/train4/space33.wav,1
./keyboardfinal/train4/space47.wav,1
./keyboardfinal/train4/space53.wav,1
./keyboardfinal/train4/space64.wav,1
./keyboardfinal/train4/space78.wav,1
./keyboardfinal/train4/space93.wav,1
./keyboardfinal/train4/space102.wav,1
./keyboardfinal/train4/space113.wav,1
./keyboardfinal/train4/space123.wav,1
./keyboardfinal/train4/space136.wav,1
./keyboardfinal/train4/space146.wav,1
./keyboardfinal/train4/space156.wav,1
./keyboardfinal/train4/space164.wav,1
./keyboardfinal/train4/space173.wav,1
./keyboardfinal/train4/t4.wav,21
./keyboardfinal/train4/t43.wav,21
./keyboardfinal/train4/t60.wav,21
./keyboardfinal/train4/t61.wav,21
./keyboardfinal/train4/t133.wav,21
./keyboardfinal/train4/t155.wav,21
./keyboardfinal/train4/t170.wav,21
./keyboardfinal/train4/t171.wav,21
./keyboardfinal/train4/u6.wav,22
./keyboardfinal/train4/u72.wav,22
./keyboardfinal/train4/u91.wav,22
./keyboardfinal/train4/u103.wav,22
./keyboardfinal/train4/u131.wav,22
./keyboardfinal/train4/u140.wav,22
./keyboardfinal/train4/u175.wav,22
./keyboardfinal/train4/v22.wav,23
./keyboardfinal/train4/v179.wav,23
./keyboardfinal/train4/w1.wav,24
./keyboardfinal/train4/x20.wav,25
./keyboardfinal/train4/y5.wav,26
./keyboardfinal/train4/y32.wav,26
./keyboardfinal/train4/y35.wav,26
./keyboardfinal/train4/y52.wav,26
./keyboardfinal/train4/y112.wav,26
./keyboardfinal/train4/z19.wav,27
./keyboardfinal/train4/z82.wav,27
./keyboardfinal/train5/a10.wav,2
./keyboardfinal/train5/a47.wav,2
./keyboardfinal/train5/a52.wav,2
./keyboardfinal/train5/a63.wav,2
./keyboardfinal/train5/a71.wav,2
./keyboardfinal/train5/a81.wav,2
./keyboardfinal/train5/a86.wav,2
./keyboardfinal/train5/a98.wav,2
./keyboardfinal/train5/a110.wav,2
./keyboardfinal/train5/a140.wav,2
./keyboardfinal/train5/a173.wav,2
./keyboardfinal/train5/b23.wav,3
./keyboardfinal/train5/b43.wav,3
./keyboardfinal/train5/b111.wav,3
./keyboardfinal/train5/c21.wav,4
./keyboardfinal/train5/c45.wav,4
./keyboardfinal/train5/c46.wav,4
./keyboardfinal/train5/c103.wav,4
./keyboardfinal/train5/c143.wav,4
./keyboardfinal/train5/c160.wav,4
./keyboardfinal/train5/c166.wav,4
./keyboardfinal/train5/d12.wav,5
./keyboardfinal/train5/d30.wav,5
./keyboardfinal/train5/d109.wav,5
./keyboardfinal/train5/d136.wav,5
./keyboardfinal/train5/d145.wav,5
./keyboardfinal/train5/e2.wav,6
./keyboardfinal/train5/e29.wav,6
./keyboardfinal/train5/e39.wav,6
./keyboardfinal/train5/e54.wav,6
./keyboardfinal/train5/e56.wav,6
./keyboardfinal/train5/e74.wav,6
./keyboardfinal/train5/e83.wav,6
./keyboardfinal/train5/e91.wav,6
./keyboardfinal/train5/e93.wav,6
./keyboardfinal/train5/e95.wav,6
./keyboardfinal/train5/e107.wav,6
./keyboardfinal/train5/e113.wav,6
./keyboardfinal/train5/e115.wav,6
./keyboardfinal/train5/e150.wav,6
./keyboardfinal/train5/e162.wav,6
./keyboardfinal/train5/f13.wav,7
./keyboardfinal/train5/f27.wav,7
./keyboardfinal/train5/g14.wav,8
./keyboardfinal/train5/g31.wav,8
./keyboardfinal/train5/g35.wav,8
./keyboardfinal/train5/g67.wav,8
./keyboardfinal/train5/g78.wav,8
./keyboardfinal/train5/g82.wav,8
./keyboardfinal/train5/g138.wav,8
./keyboardfinal/train5/g155.wav,8
./keyboardfinal/train5/h15.wav,9
./keyboardfinal/train5/h62.wav,9
./keyboardfinal/train5/h158.wav,9
./keyboardfinal/train5/i7.wav,10
./keyboardfinal/train5/i33.wav,10
./keyboardfinal/train5/i41.wav,10
./keyboardfinal/train5/i51.wav,10
./keyboardfinal/train5/i65.wav,10
./keyboardfinal/train5/i76.wav,10
./keyboardfinal/train5/i142.wav,10
./keyboardfinal/train5/i146.wav,10
./keyboardfinal/train5/i153.wav,10
./keyboardfinal/train5/i175.wav,10
./keyboardfinal/train5/j16.wav,11
./keyboardfinal/train5/k17.wav,12
./keyboardfinal/train5/k128.wav,12
./keyboardfinal/train5/k161.wav,12
./keyboardfinal/train5/l18.wav,13
./keyboardfinal/train5/l28.wav,13
./keyboardfinal/train5/l32.wav,13
./keyboardfinal/train5/l48.wav,13
./keyboardfinal/train5/l92.wav,13
./keyboardfinal/train5/l99.wav,13
./keyboardfinal/train5/l112.wav,13
./keyboardfinal/train5/l119.wav,13
./keyboardfinal/train5/l124.wav,13
./keyboardfinal/train5/l125.wav,13
./keyboardfinal/train5/l130.wav,13
./keyboardfinal/train5/m25.wav,14
./keyboardfinal/train5/m38.wav,14
./keyboardfinal/train5/m53.wav,14
./keyboardfinal/train5/m70.wav,14
./keyboardfinal/train5/m80.wav,14
./keyboardfinal/train5/m94.wav,14
./keyboardfinal/train5/m105.wav,14
./keyboardfinal/train5/m106.wav,14
./keyboardfinal/train5/m122.wav,14
./keyboardfinal/train5/m139.wav,14
./keyboardfinal/train5/m171.wav,14
./keyboardfinal/train5/m172.wav,14
./keyboardfinal/train5/n24.wav,15
./keyboardfinal/train5/n34.wav,15
./keyboardfinal/train5/n60.wav,15
./keyboardfinal/train5/n66.wav,15
./keyboardfinal/train5/n77.wav,15
./keyboardfinal/train5/n84.wav,15
./keyboardfinal/train5/n90.wav,15
./keyboardfinal/train5/n96.wav,15
./keyboardfinal/train5/n102.wav,15
./keyboardfinal/train5/n108.wav,15
./keyboardfinal/train5/n135.wav,15
./keyboardfinal/train5/n154.wav,15
./keyboardfinal/train5/n168.wav,15
./keyboardfinal/train5/n177.wav,15
./keyboardfinal/train5/o8.wav,16
./keyboardfinal/train5/o42.wav,16
./keyboardfinal/train5/o104.wav,16
./keyboardfinal/train5/o123.wav,16
./keyboardfinal/train5/o137.wav,16
./keyboardfinal/train5/o167.wav,16
./keyboardfinal/train5/o176.wav,16
./keyboardfinal/train5/p9.wav,17
./keyboardfinal/train5/p120.wav,17
./keyboardfinal/train5/p132.wav,17
./keyboardfinal/train5/q0.wav,18
./keyboardfinal/train5/r3.wav,19
./keyboardfinal/train5/r57.wav,19
./keyboardfinal/train5/r75.wav,19
./keyboardfinal/train5/r149.wav,19
./keyboardfinal/train5/r163.wav,19
./keyboardfinal/train5/s11.wav,20
./keyboardfinal/train5/s36.wav,20
./keyboardfinal/train5/s40.wav,20
./keyboardfinal/train5/s69.wav,20
./keyboardfinal/train5/s87.wav,20
./keyboardfinal/train5/s117.wav,20
./keyboardfinal/train5/s127.wav,20
./keyboardfinal/train5/s147.wav,20
./keyboardfinal/train5/s151.wav,20
./keyboardfinal/train5/s152.wav,20
./keyboardfinal/train5/s157.wav,20
./keyboardfinal/train5/s164.wav,20
./keyboardfinal/train5/s169.wav,20
./keyboardfinal/train5/space26.wav,1
./keyboardfinal/train5/space37.wav,1
./keyboardfinal/train5/space49.wav,1
./keyboardfinal/train5/space58.wav,1
./keyboardfinal/train5/space68.wav,1
./keyboardfinal/train5/space79.wav,1
./keyboardfinal/train5/space88.wav,1
./keyboardfinal/train5/space100.wav,1
./keyboardfinal/train5/space114.wav,1
./keyboardfinal/train5/space121.wav,1
./keyboardfinal/train5/space129.wav,1
./keyboardfinal/train5/space133.wav,1
./keyboardfinal/train5/space144.wav,1
./keyboardfinal/train5/space156.wav,1
./keyboardfinal/train5/space165.wav,1
./keyboardfinal/train5/t4.wav,21
./keyboardfinal/train5/t55.wav,21
./keyboardfinal/train5/t61.wav,21
./keyboardfinal/train5/t72.wav,21
./keyboardfinal/train5/t73.wav,21
./keyboardfinal/train5/t85.wav,21
./keyboardfinal/train5/t97.wav,21
./keyboardfinal/train5/t141.wav,21
./keyboardfinal/train5/t148.wav,21
./keyboardfinal/train5/t174.wav,21
./keyboardfinal/train5/u6.wav,22
./keyboardfinal/train5/u44.wav,22
./keyboardfinal/train5/u59.wav,22
./keyboardfinal/train5/u89.wav,22
./keyboardfinal/train5/u101.wav,22
./keyboardfinal/train5/u118.wav,22
./keyboardfinal/train5/u126.wav,22
./keyboardfinal/train5/u134.wav,22
./keyboardfinal/train5/u159.wav,22
./keyboardfinal/train5/u170.wav,22
./keyboardfinal/train5/v22.wav,23
./keyboardfinal/train5/v50.wav,23
./keyboardfinal/train5/w1.wav,24
./keyboardfinal/train5/w64.wav,24
./keyboardfinal/train5/w131.wav,24
./keyboardfinal/train5/x20.wav,25
./keyboardfinal/train5/x116.wav,25
./keyboardfinal/train5/y5.wav,26
./keyboardfinal/train5/z19.wav,27
./keyboardfinal/train6/a10.wav,2
./keyboardfinal/train6/a45.wav,2
./keyboardfinal/train6/a53.wav,2
./keyboardfinal/train6/a64.wav,2
./keyboardfinal/train6/a75.wav,2
./keyboardfinal/train6/a79.wav,2
./keyboardfinal/train6/a88.wav,2
./keyboardfinal/train6/a94.wav,2
./keyboardfinal/train6/a99.wav,2
./keyboardfinal/train6/a107.wav,2
./keyboardfinal/train6/a117.wav,2
./keyboardfinal/train6/a137.wav,2
./keyboardfinal/train6/a157.wav,2
./keyboardfinal/train6/b23.wav,3
./keyboardfinal/train6/b89.wav,3
./keyboardfinal/train6/b155.wav,3
./keyboardfinal/train6/backspace145.wav,0
./keyboardfinal/train6/c21.wav,4
./keyboardfinal/train6/c31.wav,4
./keyboardfinal/train6/c105.wav,4
./keyboardfinal/train6/c106.wav,4
./keyboardfinal/train6/c138.wav,4
./keyboardfinal/train6/d12.wav,5
./keyboardfinal/train6/d93.wav,5
./keyboardfinal/train6/d96.wav,5
./keyboardfinal/train6/d146.wav,5
./keyboardfinal/train6/e2.wav,6
./keyboardfinal/train6/e35.wav,6
./keyboardfinal/train6/e38.wav,6
./keyboardfinal/train6/e42.wav,6
./keyboardfinal/train6/e57.wav,6
./keyboardfinal/train6/e58.wav,6
./keyboardfinal/train6/e60.wav,6
./keyboardfinal/train6/e74.wav,6
./keyboardfinal/train6/e91.wav,6
./keyboardfinal/train6/e98.wav,6
./keyboardfinal/train6/e114.wav,6
./keyboardfinal/train6/e147.wav,6
./keyboardfinal/train6/e174.wav,6
./keyboardfinal/train6/f13.wav,7
./keyboardfinal/train6/f52.wav,7
./keyboardfinal/train6/f128.wav,7
./keyboardfinal/train6/f135.wav,7
./keyboardfinal/train6/g14.wav,8
./keyboardfinal/train6/g66.wav,8
./keyboardfinal/train6/g70.wav,8
./keyboardfinal/train6/g124.wav,8
./keyboardfinal/train6/g127.wav,8
./keyboardfinal/train6/g142.wav,8
./keyboardfinal/train6/g161.wav,8
./keyboardfinal/train6/g169.wav,8
./keyboardfinal/train6/h15.wav,9
./keyboardfinal/train6/h27.wav,9
./keyboardfinal/train6/h32.wav,9
./keyboardfinal/train6/h87.wav,9
./keyboardfinal/train6/h131.wav,9
./keyboardfinal/train6/h153.wav,9
./keyboardfinal/train6/h162.wav,9
./keyboardfinal/train6/i7.wav,10
./keyboardfinal/train6/i44.wav,10
./keyboardfinal/train6/i49.wav,10
./keyboardfinal/train6/i54.wav,10
./keyboardfinal/train6/i68.wav,10
./keyboardfinal/train6/i104.wav,10
./keyboardfinal/train6/i109.wav,10
./keyboardfinal/train6/i122.wav,10
./keyboardfinal/train6/i125.wav,10
./keyboardfinal/train6/i129.wav,10
./keyboardfinal/train6/i133.wav,10
./keyboardfinal/train6/i140.wav,10
./keyboardfinal/train6/i156.wav,10
./keyboardfinal/train6/i160.wav,10
./keyboardfinal/train6/i167.wav,10
./keyboardfinal/train6/j16.wav,11
./keyboardfinal/train6/k17.wav,12
./keyboardfinal/train6/k56.wav,12
./keyboardfinal/train6/k76.wav,12
./keyboardfinal/train6/l18.wav,13
./keyboardfinal/train6/l34.wav,13
./keyboardfinal/train6/l41.wav,13
./keyboardfinal/train6/l90.wav,13
./keyboardfinal/train6/l171.wav,13
./keyboardfinal/train6/m25.wav,14
./keyboardfinal/train6/m43.wav,14
./keyboardfinal/train6/m78.wav,14
./keyboardfinal/train6/m83.wav,14
./keyboardfinal/train6/m100.wav,14
./keyboardfinal/train6/m148.wav,14
./keyboardfinal/train6/n24.wav,15
./keyboardfinal/train6/n48.wav,15
./keyboardfinal/train6/n69.wav,15
./keyboardfinal/train6/n73.wav,15
./keyboardfinal/train6/n80.wav,15
./keyboardfinal/train6/n111.wav,15
./keyboardfinal/train6/n118.wav,15
./keyboardfinal/train6/n123.wav,15
./keyboardfinal/train6/n126.wav,15
./keyboardfinal/train6/n134.wav,15
./keyboardfinal/train6/n141.wav,15
./keyboardfinal/train6/n150.wav,15
./keyboardfinal/train6/n168.wav,15
./keyboardfinal/train6/n175.wav,15
./keyboardfinal/train6/o8.wav,16
./keyboardfinal/train6/o30.wav,16
./keyboardfinal/train6/o33.wav,16
./keyboardfinal/train6/o40.wav,16
./keyboardfinal/train6/o67.wav,16
./keyboardfinal/train6/o84.wav,16
./keyboardfinal/train6/o85.wav,16
./keyboardfinal/train6/o110.wav,16
./keyboardfinal/train6/o149.wav,16
./keyboardfinal/train6/o151.wav,16
./keyboardfinal/train6/o154.wav,16
./keyboardfinal/train6/o165.wav,16
./keyboardfinal/train6/o172.wav,16
./keyboardfinal/train6/p9.wav,17
./keyboardfinal/train6/p29.wav,17
./keyboardfinal/train6/p59.wav,17
./keyboardfinal/train6/p152.wav,17
./keyboardfinal/train6/p166.wav,17
./keyboardfinal/train6/q0.wav,18
./keyboardfinal/train6/r3.wav,19
./keyboardfinal/train6/r39.wav,19
./keyboardfinal/train6/r55.wav,19
./keyboardfinal/train6/r61.wav,19
./keyboardfinal/train6/r97.wav,19
./keyboardfinal/train6/r136.wav,19
./keyboardfinal/train6/r164.wav,19
./keyboardfinal/train6/r173.wav,19
./keyboardfinal/train6/s11.wav,20
./keyboardfinal/train6/s36.wav,20
./keyboardfinal/train6/s47.wav,20
./keyboardfinal/train6/s72.wav,20
./keyboardfinal/train6/s77.wav,20
./keyboardfinal/train6/s82.wav,20
./keyboardfinal/train6/s101.wav,20
./keyboardfinal/train6/s103.wav,20
./keyboardfinal/train6/s113.wav,20
./keyboardfinal/train6/s121.wav,20
./keyboardfinal/train6/s130.wav,20
./keyboardfinal/train6/s144.wav,20
./keyboardfinal/train6/s177.wav,20
./keyboardfinal/train6/space26.wav,1
./keyboardfinal/train6/space46.wav,1
./keyboardfinal/train6/space51.wav,1
./keyboardfinal/train6/space62.wav,1
./keyboardfinal/train6/space71.wav,1
./keyboardfinal/train6/space81.wav,1
./keyboardfinal/train6/space92.wav,1
./keyboardfinal/train6/space102.wav,1
./keyboardfinal/train6/space112.wav,1
./keyboardfinal/train6/space120.wav,1
./keyboardfinal/train6/space132.wav,1
./keyboardfinal/train6/space143.wav,1
./keyboardfinal/train6/space158.wav,1
./keyboardfinal/train6/space170.wav,1
./keyboardfinal/train6/space176.wav,1
./keyboardfinal/train6/t4.wav,21
./keyboardfinal/train6/t37.wav,21
./keyboardfinal/train6/t50.wav,21
./keyboardfinal/train6/t86.wav,21
./keyboardfinal/train6/t108.wav,21
./keyboardfinal/train6/t116.wav,21
./keyboardfinal/train6/t119.wav,21
./keyboardfinal/train6/t139.wav,21
./keyboardfinal/train6/t159.wav,21
./keyboardfinal/train6/t163.wav,21
./keyboardfinal/train6/t178.wav,21
./keyboardfinal/train6/u6.wav,22
./keyboardfinal/train6/u179.wav,22
./keyboardfinal/train6/v22.wav,23
./keyboardfinal/train6/w1.wav,24
./keyboardfinal/train6/w63.wav,24
./keyboardfinal/train6/x20.wav,25
./keyboardfinal/train6/x115.wav,25
./keyboardfinal/train6/y5.wav,26
./keyboardfinal/train6/y28.wav,26
./keyboardfinal/train6/y65.wav,26
./keyboardfinal/train6/y95.wav,26
./keyboardfinal/train6/z19.wav,27
./keyboardfinal/train7/a10.wav,2
./keyboardfinal/train7/a28.wav,2
./keyboardfinal/train7/a40.wav,2
./keyboardfinal/train7/a65.wav,2
./keyboardfinal/train7/a68.wav,2
./keyboardfinal/train7/a106.wav,2
./keyboardfinal/train7/a117.wav,2
./keyboardfinal/train7/a131.wav,2
./keyboardfinal/train7/a139.wav,2
./keyboardfinal/train7/a151.wav,2
./keyboardfinal/train7/a180.wav,2
./keyboardfinal/train7/b23.wav,3
./keyboardfinal/train7/b56.wav,3
./keyboardfinal/train7/c21.wav,4
./keyboardfinal/train7/c32.wav,4
./keyboardfinal/train7/c37.wav,4
./keyboardfinal/train7/c50.wav,4
./keyboardfinal/train7/c83.wav,4
./keyboardfinal/train7/c140.wav,4
./keyboardfinal/train7/c177.wav,4
./keyboardfinal/train7/d12.wav,5
./keyboardfinal/train7/d138.wav,5
./keyboardfinal/train7/d179.wav,5
./keyboardfinal/train7/e2.wav,6
./keyboardfinal/train7/e30.wav,6
./keyboardfinal/train7/e38.wav,6
./keyboardfinal/train7/e61.wav,6
./keyboardfinal/train7/e85.wav,6
./keyboardfinal/train7/e90.wav,6
./keyboardfinal/train7/e97.wav,6
./keyboardfinal/train7/e100.wav,6
./keyboardfinal/train7/e105.wav,6
./keyboardfinal/train7/e119.wav,6
./keyboardfinal/train7/e129.wav,6
./keyboardfinal/train7/e133.wav,6
./keyboardfinal/train7/e149.wav,6
./keyboardfinal/train7/e163.wav,6
./keyboardfinal/train7/e164.wav,6
./keyboardfinal/train7/f13.wav,7
./keyboardfinal/train7/g14.wav,8
./keyboardfinal/train7/g69.wav,8
./keyboardfinal/train7/g79.wav,8
./keyboardfinal/train7/g109.wav,8
./keyboardfinal/train7/g150.wav,8
./keyboardfinal/train7/h15.wav,9
./keyboardfinal/train7/h33.wav,9
./keyboardfinal/train7/h77.wav,9
./keyboardfinal/train7/h80.wav,9
./keyboardfinal/train7/h96.wav,9
./keyboardfinal/train7/h173.wav,9
./keyboardfinal/train7/i7.wav,10
./keyboardfinal/train7/i42.wav,10
./keyboardfinal/train7/i44.wav,10
./keyboardfinal/train7/i55.wav,10
./keyboardfinal/train7/i59.wav,10
./keyboardfinal/train7/i72.wav,10
./keyboardfinal/train7/i78.wav,10
./keyboardfinal/train7/i92.wav,10
./keyboardfinal/train7/i107.wav,10
./keyboardfinal/train7/i114.wav,10
./keyboardfinal/train7/i123.wav,10
./keyboardfinal/train7/i137.wav,10
./keyboardfinal/train7/i154.wav,10
./keyboardfinal/train7/i169.wav,10
./keyboardfinal/train7/i176.wav,10
./keyboardfinal/train7/i178.wav,10
./keyboardfinal/train7/j16.wav,11
./keyboardfinal/train7/j166.wav,11
./keyboardfinal/train7/k17.wav,12
./keyboardfinal/train7/k84.wav,12
./keyboardfinal/train7/l18.wav,13
./keyboardfinal/train7/l62.wav,13
./keyboardfinal/train7/l89.wav,13
./keyboardfinal/train7/l98.wav,13
./keyboardfinal/train7/l124.wav,13
./keyboardfinal/train7/l130.wav,13
./keyboardfinal/train7/l143.wav,13
./keyboardfinal/train7/l161.wav,13
./keyboardfinal/train7/l162.wav,13
./keyboardfinal/train7/l181.wav,13
./keyboardfinal/train7/l182.wav,13
./keyboardfinal/train7/m25.wav,14
./keyboardfinal/train7/m35.wav,14
./keyboardfinal/train7/m74.wav,14
./keyboardfinal/train7/m128.wav,14
./keyboardfinal/train7/m175.wav,14
./keyboardfinal/train7/n24.wav,15
./keyboardfinal/train7/n31.wav,15
./keyboardfinal/train7/n47.wav,15
./keyboardfinal/train7/n49.wav,15
./keyboardfinal/train7/n52.wav,15
./keyboardfinal/train7/n66.wav,15
./keyboardfinal/train7/n71.wav,15
./keyboardfinal/train7/n108.wav,15
./keyboardfinal/train7/n111.wav,15
./keyboardfinal/train7/n116.wav,15
./keyboardfinal/train7/n126.wav,15
./keyboardfinal/train7/n132.wav,15
./keyboardfinal/train7/n136.wav,15
./keyboardfinal/train7/n157.wav,15
./keyboardfinal/train7/n168.wav,15
./keyboardfinal/train7/o8.wav,16
./keyboardfinal/train7/o48.wav,16
./keyboardfinal/train7/o51.wav,16
./keyboardfinal/train7/o70.wav,16
./keyboardfinal/train7/o82.wav,16
./keyboardfinal/train7/o112.wav,16
./keyboardfinal/train7/o115.wav,16
./keyboardfinal/train7/o127.wav,16
./keyboardfinal/train7/o144.wav,16
./keyboardfinal/train7/o156.wav,16
./keyboardfinal/train7/o160.wav,16
./keyboardfinal/train7/o170.wav,16
./keyboardfinal/train7/o174.wav,16
./keyboardfinal/train7/p9.wav,17
./keyboardfinal/train7/p27.wav,17
./keyboardfinal/train7/p81.wav,17
./keyboardfinal/train7/p125.wav,17
./keyboardfinal/train7/p159.wav,17
./keyboardfinal/train7/q0.wav,18
./keyboardfinal/train7/r3.wav,19
./keyboardfinal/train7/r29.wav,19
./keyboardfinal/train7/r39.wav,19
./keyboardfinal/train7/r54.wav,19
./keyboardfinal/train7/r101.wav,19
./keyboardfinal/train7/r148.wav,19
./keyboardfinal/train7/r152.wav,19
./keyboardfinal/train7/r153.wav,19
./keyboardfinal/train7/r171.wav,19
./keyboardfinal/train7/s11.wav,20
./keyboardfinal/train7/s45.wav,20
./keyboardfinal/train7/s73.wav,20
./keyboardfinal/train7/s75.wav,20
./keyboardfinal/train7/s87.wav,20
./keyboardfinal/train7/s93.wav,20
./keyboardfinal/train7/s95.wav,20
./keyboardfinal/train7/s102.wav,20
./keyboardfinal/train7/s121.wav,20
./keyboardfinal/train7/s146.wav,20
./keyboardfinal/train7/s155.wav,20
./keyboardfinal/train7/space26.wav,1
./keyboardfinal/train7/space36.wav,1
./keyboardfinal/train7/space46.wav,1
./keyboardfinal/train7/space64.wav,1
./keyboardfinal/train7/space76.wav,1
./keyboardfinal/train7/space88.wav,1
./keyboardfinal/train7/space94.wav,1
./keyboardfinal/train7/space103.wav,1
./keyboardfinal/train7/space110.wav,1
./keyboardfinal/train7/space120.wav,1
./keyboardfinal/train7/space134.wav,1
./keyboardfinal/train7/space147.wav,1
./keyboardfinal/train7/space158.wav,1
./keyboardfinal/train7/space165.wav,1
./keyboardfinal/train7/space172.wav,1
./keyboardfinal/train7/t4.wav,21
./keyboardfinal/train7/t41.wav,21
./keyboardfinal/train7/t43.wav,21
./keyboardfinal/train7/t53.wav,21
./keyboardfinal/train7/t58.wav,21
./keyboardfinal/train7/t67.wav,21
./keyboardfinal/train7/t86.wav,21
./keyboardfinal/train7/t104.wav,21
./keyboardfinal/train7/t113.wav,21
./keyboardfinal/train7/t118.wav,21
./keyboardfinal/train7/t122.wav,21
./keyboardfinal/train7/t141.wav,21
./keyboardfinal/train7/u6.wav,22
./keyboardfinal/train7/u57.wav,22
./keyboardfinal/train7/u135.wav,22
./keyboardfinal/train7/u145.wav,22
./keyboardfinal/train7/u167.wav,22
./keyboardfinal/train7/v22.wav,23
./keyboardfinal/train7/v60.wav,23
./keyboardfinal/train7/v91.wav,23
./keyboardfinal/train7/v99.wav,23
./keyboardfinal/train7/w1.wav,24
./keyboardfinal/train7/x20.wav,25
./keyboardfinal/train7/y5.wav,26
./keyboardfinal/train7/y34.wav,26
./keyboardfinal/train7/y63.wav,26
./keyboardfinal/train7/y142.wav,26
./keyboardfinal/train7/z19.wav,27
./keyboardfinal/train8/a10.wav,2
./keyboardfinal/train8/a59.wav,2
./keyboardfinal/train8/a64.wav,2
./keyboardfinal/train8/a76.wav,2
./keyboardfinal/train8/a132.wav,2
./keyboardfinal/train8/a158.wav,2
./keyboardfinal/train8/a173.wav,2
./keyboardfinal/train8/b23.wav,3
./keyboardfinal/train8/b45.wav,3
./keyboardfinal/train8/b50.wav,3
./keyboardfinal/train8/b141.wav,3
./keyboardfinal/train8/c21.wav,4
./keyboardfinal/train8/c27.wav,4
./keyboardfinal/train8/c30.wav,4
./keyboardfinal/train8/c119.wav,4
./keyboardfinal/train8/c134.wav,4
./keyboardfinal/train8/d12.wav,5
./keyboardfinal/train8/d68.wav,5
./keyboardfinal/train8/d90.wav,5
./keyboardfinal/train8/d97.wav,5
./keyboardfinal/train8/d110.wav,5
./keyboardfinal/train8/d144.wav,5
./keyboardfinal/train8/e2.wav,6
./keyboardfinal/train8/e31.wav,6
./keyboardfinal/train8/e41.wav,6
./keyboardfinal/train8/e51.wav,6
./keyboardfinal/train8/e54.wav,6
./keyboardfinal/train8/e56.wav,6
./keyboardfinal/train8/e69.wav,6
./keyboardfinal/train8/e91.wav,6
./keyboardfinal/train8/e101.wav,6
./keyboardfinal/train8/e120.wav,6
./keyboardfinal/train8/e153.wav,6
./keyboardfinal/train8/e160.wav,6
./keyboardfinal/train8/e162.wav,6
./keyboardfinal/train8/e170.wav,6
./keyboardfinal/train8/f13.wav,7
./keyboardfinal/train8/f82.wav,7
./keyboardfinal/train8/g14.wav,8
./keyboardfinal/train8/g58.wav,8
./keyboardfinal/train8/g61.wav,8
./keyboardfinal/train8/g74.wav,8
./keyboardfinal/train8/g150.wav,8
./keyboardfinal/train8/h15.wav,9
./keyboardfinal/train8/h131.wav,9
./keyboardfinal/train8/h135.wav,9
./keyboardfinal/train8/h137.wav,9
./keyboardfinal/train8/i7.wav,10
./keyboardfinal/train8/i33.wav,10
./keyboardfinal/train8/i63.wav,10
./keyboardfinal/train8/i72.wav,10
./keyboardfinal/train8/i78.wav,10
./keyboardfinal/train8/i81.wav,10
./keyboardfinal/train8/i89.wav,10
./keyboardfinal/train8/i96.wav,10
./keyboardfinal/train8/i98.wav,10
./keyboardfinal/train8/i103.wav,10
./keyboardfinal/train8/i111.wav,10
./keyboardfinal/train8/i115.wav,10
./keyboardfinal/train8/i138.wav,10
./keyboardfinal/train8/i142.wav,10
./keyboardfinal/train8/i146.wav,10
./keyboardfinal/train8/i175.wav,10
./keyboardfinal/train8/j16.wav,11
./keyboardfinal/train8/k17.wav,12
./keyboardfinal/train8/k174.wav,12
./keyboardfinal/train8/l18.wav,13
./keyboardfinal/train8/l42.wav,13
./keyboardfinal/train8/l43.wav,13
./keyboardfinal/train8/l62.wav,13
./keyboardfinal/train8/l79.wav,13
./keyboardfinal/train8/l80.wav,13
./keyboardfinal/train8/l93.wav,13
./keyboardfinal/train8/l112.wav,13
./keyboardfinal/train8/l124.wav,13
./keyboardfinal/train8/l139.wav,13
./keyboardfinal/train8/l140.wav,13
./keyboardfinal/train8/l161.wav,13
./keyboardfinal/train8/l168.wav,13
./keyboardfinal/train8/l169.wav,13
./keyboardfinal/train8/m25.wav,14
./keyboardfinal/train8/m48.wav,14
./keyboardfinal/train8/m85.wav,14
./keyboardfinal/train8/m147.wav,14
./keyboardfinal/train8/m152.wav,14
./keyboardfinal/train8/m172.wav,14
./keyboardfinal/train8/n24.wav,15
./keyboardfinal/train8/n34.wav,15
./keyboardfinal/train8/n52.wav,15
./keyboardfinal/train8/n55.wav,15
./keyboardfinal/train8/n60.wav,15
./keyboardfinal/train8/n67.wav,15
./keyboardfinal/train8/n73.wav,15
./keyboardfinal/train8/n105.wav,15
./keyboardfinal/train8/n107.wav,15
./keyboardfinal/train8/n109.wav,15
./keyboardfinal/train8/n117.wav,15
./keyboardfinal/train8/n129.wav,15
./keyboardfinal/train8/n151.wav,15
./keyboardfinal/train8/n154.wav,15
./keyboardfinal/train8/n159.wav,15
./keyboardfinal/train8/n176.wav,15
./keyboardfinal/train8/o8.wav,16
./keyboardfinal/train8/o29.wav,16
./keyboardfinal/train8/o36.wav,16
./keyboardfinal/train8/o47.wav,16
./keyboardfinal/train8/o49.wav,16
./keyboardfinal/train8/o83.wav,16
./keyboardfinal/train8/o99.wav,16
./keyboardfinal/train8/o104.wav,16
./keyboardfinal/train8/o108.wav,16
./keyboardfinal/train8/o116.wav,16
./keyboardfinal/train8/o167.wav,16
./keyboardfinal/train8/p9.wav,17
./keyboardfinal/train8/p88.wav,17
./keyboardfinal/train8/p102.wav,17
./keyboardfinal/train8/p148.wav,17
./keyboardfinal/train8/p157.wav,17
./keyboardfinal/train8/q0.wav,18
./keyboardfinal/train8/r3.wav,19
./keyboardfinal/train8/r28.wav,19
./keyboardfinal/train8/r46.wav,19
./keyboardfinal/train8/r70.wav,19
./keyboardfinal/train8/r77.wav,19
./keyboardfinal/train8/r84.wav,19
./keyboardfinal/train8/r92.wav,19
./keyboardfinal/train8/r121.wav,19
./keyboardfinal/train8/r143.wav,19
./keyboardfinal/train8/r166.wav,19
./keyboardfinal/train8/r171.wav,19
./keyboardfinal/train8/s11.wav,20
./keyboardfinal/train8/s39.wav,20
./keyboardfinal/train8/s87.wav,20
./keyboardfinal/train8/s100.wav,20
./keyboardfinal/train8/s126.wav,20
./keyboardfinal/train8/s163.wav,20
./keyboardfinal/train8/s164.wav,20
./keyboardfinal/train8/space26.wav,1
./keyboardfinal/train8/space35.wav,1
./keyboardfinal/train8/space44.wav,1
./keyboardfinal/train8/space57.wav,1
./keyboardfinal/train8/space65.wav,1
./keyboardfinal/train8/space75.wav,1
./keyboardfinal/train8/space86.wav,1
./keyboardfinal/train8/space95.wav,1
./keyboardfinal/train8/space106.wav,1
./keyboardfinal/train8/space118.wav,1
./keyboardfinal/train8/space127.wav,1
./keyboardfinal/train8/space136.wav,1
./keyboardfinal/train8/space145.wav,1
./keyboardfinal/train8/space156.wav,1
./keyboardfinal/train8/space165.wav,1
./keyboardfinal/train8/t4.wav,21
./keyboardfinal/train8/t32.wav,21
./keyboardfinal/train8/t38.wav,21
./keyboardfinal/train8/t114.wav,21
./keyboardfinal/train8/t130.wav,21
./keyboardfinal/train8/t133.wav,21
./keyboardfinal/train8/t155.wav,21
./keyboardfinal/train8/u6.wav,22
./keyboardfinal/train8/u37.wav,22
./keyboardfinal/train8/u66.wav,22
./keyboardfinal/train8/u113.wav,22
./keyboardfinal/train8/u123.wav,22
./keyboardfinal/train8/u125.wav,22
./keyboardfinal/train8/u128.wav,22
./keyboardfinal/train8/u149.wav,22
./keyboardfinal/train8/v22.wav,23
./keyboardfinal/train8/v122.wav,23
./keyboardfinal/train8/w1.wav,24
./keyboardfinal/train8/w40.wav,24
./keyboardfinal/train8/w71.wav,24
./keyboardfinal/train8/x20.wav,25
./keyboardfinal/train8/y5.wav,26
./keyboardfinal/train8/y94.wav,26
./keyboardfinal/train8/z19.wav,27
./keyboardfinal/train8/z53.wav,27